ear,time,0,1
,,3.2561813723704236,20:55:39
,,3.932642235852079,20:55:39
,,4.099461081783259,20:55:40
,,3.853661852036314,20:55:40
